{
  "accuracy": [
    0.586309552192688,
    0.7172619104385376,
    0.788690447807312,
    0.851190447807312,
    0.8571428656578064,
    0.8571428656578064,
    0.8779761791229248,
    0.8601190447807312,
    0.8809523582458496,
    0.8839285969734192,
    0.8928571343421936,
    0.9077380895614624
  ],
  "loss": [
    1.0486719608306885,
    0.7407938838005066,
    0.5915173292160034,
    0.5100719332695007,
    0.41153889894485474,
    0.421519011259079,
    0.3855239748954773,
    0.40541812777519226,
    0.3593003749847412,
    0.3341934084892273,
    0.2939094007015228,
    0.2557678520679474
  ],
  "val_accuracy": [
    0.4583333432674408,
    0.5555555820465088,
    0.5,
    0.3888888955116272,
    0.375,
    0.2916666567325592,
    0.25,
    0.2638888955116272,
    0.2638888955116272,
    0.25,
    0.25,
    0.25
  ],
  "val_loss": [
    1.3376431465148926,
    1.3106484413146973,
    1.3480734825134277,
    1.433125376701355,
    1.639224886894226,
    1.9148300886154175,
    2.145641803741455,
    2.4122323989868164,
    2.408658027648926,
    2.7034616470336914,
    2.9191179275512695,
    3.2658963203430176
  ],
  "learning_rate": [
    0.0010000000474974513,
    0.0010000000474974513,
    0.0010000000474974513,
    0.0010000000474974513,
    0.0010000000474974513,
    0.0010000000474974513,
    0.0010000000474974513,
    0.0005000000237487257,
    0.0005000000237487257,
    0.0005000000237487257,
    0.0005000000237487257,
    0.0005000000237487257
  ]
}