{
  "accuracy": [
    0.6915929317474365,
    0.8106194734573364,
    0.854424774646759,
    0.8814159035682678,
    0.9048672318458557,
    0.9110619425773621,
    0.9278761148452759,
    0.9292035102844238,
    0.9159291982650757,
    0.9349557757377625,
    0.9438053369522095,
    0.9544247984886169,
    0.9601770043373108,
    0.9477875828742981,
    0.9539822936058044,
    0.9588495492935181,
    0.9738938212394714,
    0.9778761267662048,
    0.9747787714004517,
    0.9792035222053528,
    0.9761061668395996,
    0.9814159274101257,
    0.982300877571106,
    0.9774336218833923,
    0.9880530834197998,
    0.9840707778930664,
    0.9853982329368591,
    0.9858406782150269,
    0.9853982329368591,
    0.9853982329368591,
    0.9902654886245728,
    0.9849557280540466,
    0.9915929436683655,
    0.98893803358078,
    0.9880530834197998,
    0.9920353889465332,
    0.9946902394294739,
    0.9920353889465332,
    0.9915929436683655,
    0.991150438785553,
    0.991150438785553,
    0.9951327443122864,
    0.9933628439903259,
    0.9951327443122864,
    0.9933628439903259,
    0.9920353889465332,
    0.9933628439903259,
    0.9915929436683655,
    0.9942477941513062,
    0.9960176944732666
  ],
  "loss": [
    0.7957592606544495,
    0.5028232336044312,
    0.395810604095459,
    0.33669477701187134,
    0.26780858635902405,
    0.24423514306545258,
    0.20737260580062866,
    0.19232729077339172,
    0.2275068163871765,
    0.18680939078330994,
    0.17476125061511993,
    0.1328970491886139,
    0.11818674951791763,
    0.14721989631652832,
    0.13192065060138702,
    0.11973315477371216,
    0.09298717230558395,
    0.0708819180727005,
    0.07583639025688171,
    0.06617134064435959,
    0.06582943350076675,
    0.0589190311729908,
    0.054273106157779694,
    0.06147584319114685,
    0.04829137772321701,
    0.04839812591671944,
    0.04605168476700783,
    0.0472925640642643,
    0.04192794859409332,
    0.043914854526519775,
    0.03289077803492546,
    0.046264972537755966,
    0.033762507140636444,
    0.03706914931535721,
    0.03635001927614212,
    0.032455794513225555,
    0.032659389078617096,
    0.032827142626047134,
    0.029921233654022217,
    0.03096366859972477,
    0.03024541400372982,
    0.023179305717349052,
    0.025924481451511383,
    0.02624252624809742,
    0.024705469608306885,
    0.02858603186905384,
    0.028306132182478905,
    0.027530763298273087,
    0.02316048927605152,
    0.020200606435537338
  ],
  "val_accuracy": [
    0.4583333432674408,
    0.25,
    0.2916666567325592,
    0.4583333432674408,
    0.5972222089767456,
    0.5972222089767456,
    0.875,
    0.8194444179534912,
    0.875,
    0.9166666865348816,
    0.9861111044883728,
    0.625,
    0.8055555820465088,
    0.6527777910232544,
    0.8888888955116272,
    0.8333333134651184,
    1.0,
    0.9861111044883728,
    1.0,
    0.9027777910232544,
    0.9861111044883728,
    1.0,
    1.0,
    0.9583333134651184,
    0.9722222089767456,
    0.9444444179534912,
    1.0,
    1.0,
    1.0,
    1.0,
    1.0,
    1.0,
    1.0,
    0.9861111044883728,
    1.0,
    1.0,
    0.9861111044883728,
    1.0,
    1.0,
    1.0,
    1.0,
    1.0,
    1.0,
    1.0,
    1.0,
    1.0,
    1.0,
    1.0,
    1.0,
    1.0
  ],
  "val_loss": [
    1.6366416215896606,
    1.8077901601791382,
    1.682417392730713,
    1.347037434577942,
    1.1230206489562988,
    0.7462805509567261,
    0.3370906114578247,
    0.6633707880973816,
    0.30052614212036133,
    0.2848300337791443,
    0.0808492973446846,
    1.8961440324783325,
    0.5425485968589783,
    1.1656222343444824,
    0.5592314004898071,
    0.4428345561027527,
    0.04130620136857033,
    0.04865637794137001,
    0.015782982110977173,
    0.50278240442276,
    0.03816187009215355,
    0.022641189396381378,
    0.01678626239299774,
    0.06380058079957962,
    0.04679073393344879,
    0.062310729175806046,
    0.011438165791332722,
    0.028008364140987396,
    0.005363368429243565,
    0.008156304247677326,
    0.005526718683540821,
    0.0069463541731238365,
    0.010374512523412704,
    0.03390926122665405,
    0.007293784059584141,
    0.015361815690994263,
    0.028562303632497787,
    0.005103357136249542,
    0.006137823686003685,
    0.006120949983596802,
    0.004519840702414513,
    0.005099648609757423,
    0.005804794374853373,
    0.004898051731288433,
    0.003623598488047719,
    0.018277354538440704,
    0.007649844512343407,
    0.009247953072190285,
    0.013203212060034275,
    0.011720987036824226
  ],
  "learning_rate": [
    0.0010000000474974513,
    0.0010000000474974513,
    0.0010000000474974513,
    0.0010000000474974513,
    0.0010000000474974513,
    0.0010000000474974513,
    0.0010000000474974513,
    0.0010000000474974513,
    0.0010000000474974513,
    0.0010000000474974513,
    0.0010000000474974513,
    0.0010000000474974513,
    0.0010000000474974513,
    0.0010000000474974513,
    0.0010000000474974513,
    0.0010000000474974513,
    0.0005000000237487257,
    0.0005000000237487257,
    0.0005000000237487257,
    0.0005000000237487257,
    0.0005000000237487257,
    0.0005000000237487257,
    0.0005000000237487257,
    0.0005000000237487257,
    0.0002500000118743628,
    0.0002500000118743628,
    0.0002500000118743628,
    0.0002500000118743628,
    0.0002500000118743628,
    0.0002500000118743628,
    0.0002500000118743628,
    0.0002500000118743628,
    0.0002500000118743628,
    0.0002500000118743628,
    0.0001250000059371814,
    0.0001250000059371814,
    0.0001250000059371814,
    0.0001250000059371814,
    0.0001250000059371814,
    0.0001250000059371814,
    0.0001250000059371814,
    0.0001250000059371814,
    0.0001250000059371814,
    0.0001250000059371814,
    0.0001250000059371814,
    0.0001250000059371814,
    0.0001250000059371814,
    0.0001250000059371814,
    0.0001250000059371814,
    0.0001250000059371814
  ]
}